SPY,0,SPY,SPY
XLK,1,A,Information_Technology
XLB,2,AA,Materials
XLY,3,AAN,Consumer_Discretionary
XLI,4,AAON,Industrials
XLY,3,AAP,Consumer_Discretionary
XLK,1,AAPL,Information_Technology
XLF,5,AAT,Financials
XLI,4,AAWW,Industrials
XLV,6,ABAX,Health_Care
XLV,6,ABBV,Health_Care
XLV,6,ABC,Health_Care
XLI,4,ABM,Industrials
XLV,6,ABMD,Health_Care
XLV,6,ABT,Health_Care
XLY,3,ACAT,Consumer_Discretionary
XLF,5,ACC,Financials
XLI,4,ACET,Industrials
XLE,7,ACI,Energy
XLK,1,ACIW,Information_Technology
XLI,4,ACM,Industrials
XLK,1,ACN,Information_Technology
XLV,6,ACOR,Health_Care
XLV,6,ACT,Health_Care
XLK,1,ACXM,Information_Technology
XLK,1,ADBE,Information_Technology
XLF,5,ADC,Financials
XLK,1,ADI,Information_Technology
XLP,8,ADM,Consumer_Staples
XLK,1,ADP,Information_Technology
XLK,1,ADS,Information_Technology
XLK,1,ADSK,Information_Technology
XLI,4,ADT,Industrials
XLK,1,ADTN,Information_Technology
XLK,1,ADVS,Information_Technology
XLF,5,AEC,Financials
XLU,9,AEE,Utilities
XLI,4,AEGN,Industrials
XLK,1,AEIS,Information_Technology
XLY,3,AEO,Consumer_Discretionary
XLU,9,AEP,Utilities
XLU,9,AES,Utilities
XLV,6,AET,Health_Care
XLF,5,AF,Financials
XLV,6,AFAM,Health_Care
XLV,6,AFFX,Health_Care
XLF,5,AFG,Financials
XLF,5,AFL,Financials
XLI,4,AGCO,Industrials
XLK,1,AGYS,Information_Technology
XLF,5,AHL,Financials
XLV,6,AHS,Health_Care
XLF,5,AIG,Financials
XLI,4,AIN,Industrials
XLI,4,AIR,Industrials
XLV,6,AIRM,Health_Care
XLI,4,AIT,Industrials
XLF,5,AIV,Financials
XLF,5,AIZ,Financials
XLF,5,AJG,Financials
XLK,1,AKAM,Information_Technology
XLF,5,AKR,Financials
XLV,6,AKRX,Health_Care
XLB,2,AKS,Materials
XLB,2,ALB,Materials
XLU,9,ALE,Utilities
XLI,4,ALEX,Industrials
XLV,6,ALGN,Health_Care
XLI,4,ALK,Industrials
XLF,5,ALL,Financials
XLI,4,ALLE,Industrials
XLV,6,ALOG,Health_Care
XLK,1,ALTR,Information_Technology
XLV,6,ALXN,Health_Care
XLK,1,AMAT,Information_Technology
XLY,3,AMCX,Consumer_Discretionary
XLK,1,AMD,Information_Technology
XLI,4,AME,Industrials
XLV,6,AMED,Health_Care
XLF,5,AMG,Financials
XLV,6,AMGN,Health_Care
XLF,5,AMP,Financials
XLV,6,AMRI,Health_Care
XLF,5,AMSF,Financials
XLV,6,AMSG,Health_Care
XTL,10,AMT,Telecommunications_Services
XLI,4,AMWD,Industrials
XLY,3,AMZN,Consumer_Discretionary
XLY,3,AN,Consumer_Discretionary
XLP,8,ANDE,Consumer_Staples
XLY,3,ANF,Consumer_Discretionary
XLV,6,ANIK,Health_Care
XLY,3,ANN,Consumer_Discretionary
XLK,1,ANSS,Information_Technology
XLP,8,AOI,Consumer_Staples
XLK,1,AOL,Information_Technology
XLF,5,AON,Financials
XLI,4,AOS,Industrials
XLE,7,APA,Energy
XLE,7,APC,Energy
XLB,2,APD,Materials
XLY,3,APEI,Consumer_Discretionary
XLK,1,APH,Information_Technology
XLI,4,APOG,Industrials
XLY,3,APOL,Consumer_Discretionary
XLI,4,ARCB,Industrials
XLF,5,ARE,Financials
XLE,7,AREX,Energy
XLB,2,ARG,Materials
XLY,3,ARO,Consumer_Discretionary
XLK,1,ARRS,Information_Technology
XLK,1,ARW,Information_Technology
XLI,4,ASEI,Industrials
XLI,4,ASGN,Industrials
XLB,2,ASH,Materials
XLY,3,ASNA,Consumer_Discretionary
XLI,4,ASTE,Industrials
XLB,2,ATI,Materials
XLK,1,ATML,Information_Technology
XTL,10,ATNI,Telecommunications_Services
XLU,9,ATO,Utilities
XLB,2,ATR,Materials
XLI,4,ATU,Industrials
XLE,7,ATW,Energy
XLU,9,AVA,Utilities
XLI,4,AVAV,Industrials
XLF,5,AVB,Financials
XLB,2,AVD,Materials
XLK,1,AVGO,Information_Technology
XLP,8,AVP,Consumer_Staples
XLK,1,AVT,Information_Technology
XLI,4,AVY,Industrials
XLU,9,AWR,Utilities
XLK,1,AXE,Information_Technology
XLF,5,AXP,Financials
XLI,4,AYI,Industrials
XLY,3,AZO,Consumer_Discretionary
XLI,4,AZZ,Industrials
XLI,4,B,Industrials
XLI,4,BA,Industrials
XLV,6,BABY,Health_Care
XLF,5,BAC,Financials
XLF,5,BANR,Financials
XLE,7,BAS,Energy
XLV,6,BAX,Health_Care
XLY,3,BBBY,Consumer_Discretionary
XLF,5,BBCN,Financials
XLE,7,BBG,Energy
XLK,1,BBOX,Information_Technology
XLF,5,BBT,Financials
XLY,3,BBY,Consumer_Discretionary
XLY,3,BC,Consumer_Discretionary
XLB,2,BCC,Materials
XLI,4,BCO,Industrials
XLK,1,BCOR,Information_Technology
XLB,2,BCPC,Materials
XLV,6,BCR,Health_Care
XLI,4,BDC,Industrials
XLV,6,BDX,Health_Care
XLI,4,BEAV,Industrials
XLK,1,BELFB,Information_Technology
XLF,5,BEN,Financials
XLP,8,BF/B,Consumer_Staples
XLF,5,BFS,Financials
XLI,4,BGC,Industrials
XLY,3,BGFV,Consumer_Discretionary
XLI,4,BGG,Industrials
XLP,8,BGS,Consumer_Staples
XLK,1,BHE,Information_Technology
XLE,7,BHI,Energy
XLY,3,BID,Consumer_Discretionary
XLY,3,BIG,Consumer_Discretionary
XLV,6,BIIB,Health_Care
XLV,6,BIO,Health_Care
XLY,3,BJRI,Consumer_Discretionary
XLF,5,BK,Financials
XLY,3,BKE,Consumer_Discretionary
XLU,9,BKH,Utilities
XLF,5,BKMU,Financials
XLY,3,BKS,Consumer_Discretionary
XLF,5,BLK,Financials
XLK,1,BLKB,Information_Technology
XLB,2,BLL,Materials
XLI,4,BMI,Industrials
XLF,5,BMR,Financials
XLB,2,BMS,Materials
XLV,6,BMY,Health_Care
XLP,8,BNNY,Consumer_Staples
XLY,3,BOBE,Consumer_Discretionary
XLF,5,BOFI,Financials
XLF,5,BOH,Financials
XLF,5,BPFH,Financials
XLK,1,BR,Information_Technology
XLI,4,BRC,Industrials
XLK,1,BRCM,Information_Technology
XLF,5,BRKL,Financials
XLK,1,BRKS,Information_Technology
XLV,6,BRLI,Health_Care
XLF,5,BRO,Financials
XLE,7,BRS,Energy
XLV,6,BSX,Health_Care
XLE,7,BTU,Energy
XLY,3,BWA,Consumer_Discretionary
XLY,3,BWLD,Consumer_Discretionary
XLY,3,BWS,Consumer_Discretionary
XLF,5,BXP,Financials
XLF,5,BXS,Financials
XLY,3,BYD,Consumer_Discretionary
XLF,5,C,Financials
XLK,1,CA,Information_Technology
XLY,3,CAB,Consumer_Discretionary
XLK,1,CACI,Information_Technology
XLP,8,CAG,Consumer_Staples
XLV,6,CAH,Health_Care
XLY,3,CAKE,Consumer_Discretionary
XLP,8,CALM,Consumer_Staples
XLE,7,CAM,Energy
XLK,1,CAMP,Information_Technology
XLB,2,CAS,Materials
XLP,8,CASY,Consumer_Staples
XLI,4,CAT,Industrials
XLK,1,CATM,Information_Technology
XLY,3,CATO,Consumer_Discretionary
XLF,5,CATY,Financials
XLF,5,CB,Financials
XTL,10,CBB,Telecommunications_Services
XTL,10,CBEY,Telecommunications_Services
XLF,5,CBG,Financials
XLY,3,CBK,Consumer_Discretionary
XLV,6,CBM,Health_Care
XLF,5,CBOE,Financials
XLK,1,CBR,Information_Technology
XLY,3,CBRL,Consumer_Discretionary
XLY,3,CBS,Consumer_Discretionary
XLF,5,CBSH,Financials
XLV,6,CBST,Health_Care
XLB,2,CBT,Materials
XLF,5,CBU,Financials
XLB,2,CCC,Materials
XLP,8,CCE,Consumer_Staples
XTL,10,CCI,Telecommunications_Services
XLY,3,CCL,Consumer_Discretionary
XLK,1,CCMP,Information_Technology
XLV,6,CCRN,Health_Care
XLI,4,CDI,Industrials
XLK,1,CDNS,Information_Technology
XLF,5,CDR,Financials
XLI,4,CEB,Industrials
XLY,3,CECO,Consumer_Discretionary
XLV,6,CELG,Health_Care
XLP,8,CENTA,Consumer_Staples
XLB,2,CENX,Materials
XLV,6,CERN,Health_Care
XLK,1,CEVA,Information_Technology
XLB,2,CF,Materials
XLF,5,CFNL,Financials
XLF,5,CFR,Financials
XLK,1,CGNX,Information_Technology
XLF,5,CHCO,Financials
XLP,8,CHD,Consumer_Staples
XLV,6,CHE,Health_Care
XLE,7,CHK,Energy
XLI,4,CHRW,Industrials
XLY,3,CHS,Consumer_Discretionary
XLF,5,CHSP,Financials
XLV,6,CI,Health_Care
XLK,1,CIEN,Information_Technology
XLF,5,CINF,Financials
XLI,4,CIR,Industrials
XLE,7,CJES,Energy
XLE,7,CKH,Energy
XLK,1,CKP,Information_Technology
XLP,8,CL,Consumer_Staples
XLI,4,CLC,Industrials
XLE,7,CLD,Energy
XLB,2,CLF,Materials
XLF,5,CLGX,Financials
XLI,4,CLH,Industrials
XLF,5,CLI,Financials
XLF,5,CLMS,Financials
XLB,2,CLW,Materials
XLP,8,CLX,Consumer_Staples
XLF,5,CMA,Financials
XLB,2,CMC,Materials
XLY,3,CMCSA,Consumer_Discretionary
XLF,5,CME,Financials
XLY,3,CMG,Consumer_Discretionary
XLI,4,CMI,Industrials
XLV,6,CMN,Health_Care
XLF,5,CMO,Financials
XLB,2,CMP,Materials
XLU,9,CMS,Utilities
XLK,1,CMTL,Information_Technology
XLV,6,CNC,Health_Care
XLY,3,CNK,Consumer_Discretionary
XLU,9,CNL,Utilities
XLV,6,CNMD,Health_Care
XLU,9,CNP,Utilities
XLK,1,CNQR,Information_Technology
XLK,1,CNVR,Information_Technology
XLI,4,CNW,Industrials
XLE,7,CNX,Energy
XLF,5,COF,Financials
XLE,7,COG,Energy
XLY,3,COH,Consumer_Discretionary
XLK,1,COHR,Information_Technology
XLK,1,COHU,Information_Technology
XLI,4,COL,Industrials
XLF,5,COLB,Financials
XLV,6,COO,Health_Care
XLE,7,COP,Energy
XLF,5,COR,Financials
XLP,8,COST,Consumer_Staples
XLP,8,CPB,Consumer_Staples
XLY,3,CPLA,Consumer_Discretionary
XLI,4,CPRT,Industrials
XLV,6,CPSI,Health_Care
XLF,5,CPT,Financials
XLK,1,CPWR,Information_Technology
XLI,4,CR,Industrials
XLK,1,CREE,Information_Technology
XLY,3,CRI,Consumer_Discretionary
XLE,7,CRK,Energy
XLV,6,CRL,Health_Care
XLK,1,CRM,Information_Technology
XLY,3,CROX,Consumer_Discretionary
XLE,7,CRR,Energy
XLB,2,CRS,Materials
XLK,1,CRUS,Information_Technology
XLV,6,CRVL,Health_Care
XLV,6,CRY,Health_Care
XLE,7,CRZO,Energy
XLK,1,CSC,Information_Technology
XLK,1,CSCO,Information_Technology
XLK,1,CSGS,Information_Technology
XLF,5,CSH,Financials
XLI,4,CSL,Industrials
XLY,3,CST,Consumer_Discretionary
XLI,4,CSX,Industrials
XLI,4,CTAS,Industrials
XTL,10,CTL,Telecommunications_Services
XLF,5,CTRE,Financials
XLK,1,CTS,Information_Technology
XLK,1,CTSH,Information_Technology
XLK,1,CTXS,Information_Technology
XLI,4,CUB,Industrials
XLF,5,CUZ,Financials
XLF,5,CVBF,Financials
XLY,3,CVC,Consumer_Discretionary
XLV,6,CVD,Health_Care
XLI,4,CVEO,Industrials
XLK,1,CVG,Information_Technology
XLY,3,CVGW,Consumer_Discretionary
XLK,1,CVLT,Information_Technology
XLP,8,CVS,Consumer_Staples
XLE,7,CVX,Energy
XLI,4,CW,Industrials
XLI,4,CXW,Industrials
XLK,1,CY,Information_Technology
XLV,6,CYBX,Health_Care
XLV,6,CYH,Health_Care
XLF,5,CYN,Financials
XLV,6,CYNO,Health_Care
XLB,2,CYT,Materials
XLU,9,D,Utilities
XLK,1,DAKT,Information_Technology
XLI,4,DAL,Industrials
XLP,8,DAR,Consumer_Staples
XLK,1,DBD,Information_Technology
XLI,4,DCI,Industrials
XLF,5,DCOM,Financials
XLB,2,DD,Materials
XLK,1,DDD,Information_Technology
XLI,4,DE,Industrials
XLY,3,DECK,Consumer_Discretionary
XLB,2,DEL,Materials
XLP,8,DF,Consumer_Staples
XLF,5,DFS,Financials
XLY,3,DG,Consumer_Discretionary
XLK,1,DGII,Information_Technology
XLV,6,DGX,Health_Care
XLY,3,DHI,Consumer_Discretionary
XLI,4,DHR,Industrials
XLK,1,DHX,Information_Technology
XLY,3,DIN,Consumer_Discretionary
XLK,1,DIOD,Information_Technology
XLY,3,DIS,Consumer_Discretionary
XLY,3,DKS,Consumer_Discretionary
XLY,3,DLPH,Consumer_Discretionary
XLY,3,DLTR,Consumer_Discretionary
XLI,4,DLX,Industrials
XLP,8,DMND,Consumer_Staples
XLI,4,DNB,Industrials
XLI,4,DNOW,Industrials
XLE,7,DNR,Energy
XLE,7,DO,Energy
XLY,3,DORM,Consumer_Discretionary
XLI,4,DOV,Industrials
XLB,2,DOW,Materials
XLP,8,DPS,Consumer_Staples
XLY,3,DPZ,Consumer_Discretionary
XLE,7,DRC,Energy
XLF,5,DRE,Financials
XLF,5,DRH,Financials
XLY,3,DRI,Consumer_Discretionary
XLK,1,DRIV,Information_Technology
XLE,7,DRQ,Energy
XLK,1,DSPG,Information_Technology
XLK,1,DST,Information_Technology
XLU,9,DTE,Utilities
XLK,1,DTSI,Information_Technology
XLY,3,DTV,Consumer_Discretionary
XLU,9,DUK,Utilities
XLY,3,DV,Consumer_Discretionary
XLV,6,DVA,Health_Care
XLE,7,DVN,Energy
XLY,3,DW,Consumer_Discretionary
XLY,3,DWA,Consumer_Discretionary
XLI,4,DXPE,Industrials
XLI,4,DY,Industrials
XLK,1,EA,Information_Technology
XLY,3,EAT,Consumer_Discretionary
XLK,1,EBAY,Information_Technology
XLK,1,EBIX,Information_Technology
XLV,6,EBS,Health_Care
XLB,2,ECL,Materials
XLF,5,ECPG,Financials
XLU,9,ED,Utilities
XLU,9,EE,Utilities
XLK,1,EFII,Information_Technology
XLI,4,EFX,Industrials
XTL,10,EGHT,Telecommunications_Services
XLI,4,EGL,Industrials
XLU,9,EGN,Utilities
XLK,1,EGOV,Information_Technology
XLF,5,EGP,Financials
XLF,5,EHTH,Financials
XLF,5,EIG,Financials
XLU,9,EIX,Utilities
XLP,8,EL,Consumer_Staples
XLY,3,ELY,Consumer_Discretionary
XLK,1,EMC,Information_Technology
XLI,4,EME,Industrials
XLB,2,EMN,Materials
XLI,4,EMR,Industrials
XLV,6,ENDP,Health_Care
XLP,8,ENR,Consumer_Staples
XLI,4,ENS,Industrials
XLK,1,ENTR,Information_Technology
XLE,7,EOG,Energy
XLK,1,EPAY,Information_Technology
XLK,1,EPIQ,Information_Technology
XLF,5,EPR,Financials
XLK,1,EQIX,Information_Technology
XLF,5,EQR,Financials
XLU,9,EQT,Utilities
XLF,5,EQY,Financials
XLE,7,ERA,Energy
XLI,4,ESE,Industrials
XLY,3,ESI,Consumer_Discretionary
XLK,1,ESIO,Information_Technology
XLI,4,ESL,Industrials
XLV,6,ESRX,Health_Care
XLF,5,ESS,Financials
XLE,7,ESV,Energy
XLF,5,ETFC,Financials
XLY,3,ETH,Consumer_Discretionary
XLI,4,ETN,Industrials
XLU,9,ETR,Utilities
XLF,5,EV,Financials
XLF,5,EVR,Financials
XLV,6,EW,Health_Care
XLF,5,EWBC,Financials
XLK,1,EXAR,Information_Technology
XLU,9,EXC,Utilities
XLE,7,EXH,Energy
XLK,1,EXLS,Information_Technology
XLB,2,EXP,Materials
XLI,4,EXPD,Industrials
XLY,3,EXPE,Consumer_Discretionary
XLI,4,EXPO,Industrials
XLF,5,EXR,Financials
XLF,5,EZPW,Financials
XLY,3,F,Consumer_Discretionary
XLF,5,FAF,Financials
XLK,1,FARO,Information_Technology
XLI,4,FAST,Industrials
XLK,1,FB,Information_Technology
XLI,4,FBHS,Industrials
XLF,5,FBP,Financials
XLF,5,FCF,Financials
XLF,5,FCFS,Financials
XLI,4,FCN,Industrials
XLK,1,FCS,Information_Technology
XLB,2,FCX,Materials
XLY,3,FDO,Consumer_Discretionary
XLK,1,FDS,Information_Technology
XLI,4,FDX,Industrials
XLU,9,FE,Utilities
XLK,1,FEIC,Information_Technology
XLI,4,FELE,Industrials
XLB,2,FF,Materials
XLF,5,FFBC,Financials
XLF,5,FFIN,Financials
XLK,1,FFIV,Information_Technology
XLF,5,FHN,Financials
XLK,1,FICO,Information_Technology
XLF,5,FII,Financials
XLY,3,FINL,Consumer_Discretionary
XLK,1,FIS,Information_Technology
XLK,1,FISV,Information_Technology
XLF,5,FITB,Financials
XLI,4,FIX,Industrials
XLY,3,FL,Consumer_Discretionary
XLK,1,FLIR,Information_Technology
XLP,8,FLO,Consumer_Staples
XLI,4,FLR,Industrials
XLI,4,FLS,Industrials
XLF,5,FMBI,Financials
XLB,2,FMC,Materials
XLF,5,FMER,Financials
XLK,1,FN,Information_Technology
XLF,5,FNB,Financials
XLF,5,FNF,Financials
XLF,5,FNFG,Financials
XLF,5,FNGN,Financials
XLF,5,FOR,Financials
XLK,1,FORR,Information_Technology
XLY,3,FOSL,Consumer_Discretionary
XLY,3,FOXA,Consumer_Discretionary
XLY,3,FRAN,Consumer_Discretionary
XLY,3,FRED,Consumer_Discretionary
XLF,5,FRT,Financials
XLV,6,FRX,Health_Care
XLI,4,FSLR,Industrials
XLF,5,FSP,Financials
XLI,4,FSS,Industrials
XLE,7,FST,Energy
XLY,3,FTD,Consumer_Discretionary
XLE,7,FTI,Energy
XLB,2,FTK,Materials
XLK,1,FTNT,Information_Technology
XTL,10,FTR,Telecommunications_Services
XLB,2,FUL,Materials
XLF,5,FULT,Financials
XLI,4,FWRD,Industrials
XLF,5,FXCM,Financials
XLU,9,GAS,Utilities
XLV,6,GB,Health_Care
XLF,5,GBCI,Financials
XLY,3,GCI,Consumer_Discretionary
XLY,3,GCO,Consumer_Discretionary
XLI,4,GD,Industrials
XLF,5,GDOT,Financials
XLI,4,GE,Industrials
XLB,2,GEF,Materials
XLI,4,GEO,Industrials
XLE,7,GEOS,Energy
XLY,3,GES,Consumer_Discretionary
XLI,4,GFF,Industrials
XLI,4,GGG,Industrials
XLF,5,GGP,Financials
XLY,3,GHC,Consumer_Discretionary
XLF,5,GHL,Financials
XLE,7,GIFI,Energy
XLY,3,GIII,Consumer_Discretionary
XLV,6,GILD,Health_Care
XLP,8,GIS,Consumer_Staples
XLI,4,GK,Industrials
XLB,2,GLT,Materials
XLK,1,GLW,Information_Technology
XLY,3,GM,Consumer_Discretionary
XLP,8,GMCR,Consumer_Staples
XLY,3,GME,Consumer_Discretionary
XLI,4,GMT,Industrials
XTL,10,GNCMA,Telecommunications_Services
XLY,3,GNTX,Consumer_Discretionary
XLF,5,GNW,Financials
XLK,1,GOOG,Information_Technology
XLF,5,GOV,Financials
XLY,3,GPC,Consumer_Discretionary
XLY,3,GPI,Consumer_Discretionary
XLK,1,GPN,Information_Technology
XLE,7,GPOR,Energy
XLE,7,GPRE,Energy
XLY,3,GPS,Consumer_Discretionary
XLY,3,GRMN,Consumer_Discretionary
XLF,5,GS,Financials
XLB,2,GSM,Materials
XLY,3,GT,Consumer_Discretionary
XLV,6,GTIV,Health_Care
XLF,5,GTY,Financials
XLI,4,GVA,Industrials
XLI,4,GWR,Industrials
XLI,4,GWW,Industrials
XLU,9,GXP,Utilities
XLI,4,GY,Industrials
XLV,6,HAE,Health_Care
XLF,5,HAFC,Financials
XLP,8,HAIN,Consumer_Staples
XLE,7,HAL,Energy
XLY,3,HAR,Consumer_Discretionary
XLY,3,HAS,Consumer_Discretionary
XLB,2,HAYN,Materials
XLF,5,HBAN,Financials
XLF,5,HBHC,Financials
XLY,3,HBI,Consumer_Discretionary
XLF,5,HCBK,Financials
XLF,5,HCC,Financials
XLF,5,HCI,Financials
XLF,5,HCN,Financials
XLF,5,HCP,Financials
XLI,4,HCSG,Industrials
XLY,3,HD,Consumer_Discretionary
XLU,9,HE,Utilities
XLY,3,HELE,Consumer_Discretionary
XLE,7,HES,Energy
XLF,5,HF,Financials
XLE,7,HFC,Energy
XLV,6,HGR,Health_Care
XLY,3,HHS,Consumer_Discretionary
XLY,3,HI,Consumer_Discretionary
XLY,3,HIBB,Consumer_Discretionary
XLF,5,HIG,Financials
XLI,4,HII,Industrials
XLK,1,HITT,Information_Technology
XLF,5,HIW,Financials
XLK,1,HLIT,Information_Technology
XLE,7,HLX,Energy
XLF,5,HME,Financials
XLF,5,HMN,Financials
XLV,6,HMSY,Health_Care
XLI,4,HNI,Industrials
XLV,6,HNT,Health_Care
XLY,3,HOG,Consumer_Discretionary
XLV,6,HOLX,Health_Care
XLF,5,HOMB,Financials
XLI,4,HON,Industrials
XLE,7,HOS,Energy
XLY,3,HOT,Consumer_Discretionary
XLE,7,HP,Energy
XLK,1,HPQ,Information_Technology
XLF,5,HPT,Financials
XLK,1,HPY,Information_Technology
XLF,5,HR,Financials
XLY,3,HRB,Consumer_Discretionary
XLV,6,HRC,Health_Care
XLP,8,HRL,Consumer_Staples
XLK,1,HRS,Information_Technology
XLI,4,HSC,Industrials
XLP,8,HSH,Consumer_Staples
XLV,6,HSIC,Health_Care
XLI,4,HSII,Industrials
XLY,3,HSNI,Consumer_Discretionary
XLV,6,HSP,Health_Care
XLF,5,HST,Financials
XLV,6,HSTM,Health_Care
XLP,8,HSY,Consumer_Staples
XLI,4,HTLD,Industrials
XLI,4,HUB/B,Industrials
XLI,4,HUBG,Industrials
XLV,6,HUM,Health_Care
XLY,3,HVT,Consumer_Discretionary
XLB,2,HW,Materials
XLV,6,HWAY,Health_Care
XLB,2,HWKN,Materials
XLY,3,HZO,Consumer_Discretionary
XLV,6,IART,Health_Care
XLK,1,IBM,Information_Technology
XLF,5,IBOC,Financials
XLF,5,ICE,Financials
XLY,3,ICON,Consumer_Discretionary
XLV,6,ICUI,Health_Care
XLU,9,IDA,Utilities
XLK,1,IDCC,Information_Technology
XLK,1,IDTI,Information_Technology
XLV,6,IDXX,Health_Care
XLI,4,IEX,Industrials
XLB,2,IFF,Materials
XLY,3,IGT,Consumer_Discretionary
XLK,1,IGTE,Information_Technology
XLY,3,IILG,Consumer_Discretionary
XLI,4,IIVI,Industrials
XLK,1,IM,Information_Technology
XLF,5,INDB,Financials
XLK,1,INFA,Information_Technology
XLP,8,INGR,Consumer_Staples
XLK,1,ININ,Information_Technology
XLE,7,INT,Energy
XLK,1,INTC,Information_Technology
XLK,1,INTU,Information_Technology
XLE,7,IO,Energy
XLB,2,IP,Materials
XLP,8,IPAR,Consumer_Staples
XLF,5,IPCC,Financials
XLV,6,IPCM,Health_Care
XLY,3,IPG,Consumer_Discretionary
XLB,2,IPHS,Materials
XLB,2,IPI,Materials
XLV,6,IPXL,Health_Care
XLI,4,IR,Industrials
XLY,3,IRBT,Consumer_Discretionary
XLF,5,IRC,Financials
XLK,1,IRF,Information_Technology
XLI,4,IRM,Industrials
XLY,3,ISCA,Consumer_Discretionary
XLK,1,ISIL,Information_Technology
XLV,6,ISRG,Health_Care
XLK,1,IT,Information_Technology
XLF,5,ITG,Financials
XLK,1,ITRI,Information_Technology
XLI,4,ITT,Industrials
XLI,4,ITW,Industrials
XLK,1,IVAC,Information_Technology
XLV,6,IVC,Health_Care
XLF,5,IVZ,Financials
XLY,3,JACK,Consumer_Discretionary
XLY,3,JAH,Consumer_Discretionary
XLY,3,JAKK,Consumer_Discretionary
XLI,4,JBHT,Industrials
XLK,1,JBL,Information_Technology
XLI,4,JBLU,Industrials
XLI,4,JBT,Industrials
XLY,3,JCI,Consumer_Discretionary
XLK,1,JCOM,Information_Technology
XLY,3,JCP,Consumer_Discretionary
XLK,1,JDSU,Information_Technology
XLI,4,JEC,Industrials
XLP,8,JJSF,Consumer_Staples
XLK,1,JKHY,Information_Technology
XLF,5,JLL,Financials
XLV,6,JNJ,Health_Care
XLK,1,JNPR,Information_Technology
XLF,5,JNS,Financials
XLI,4,JOY,Industrials
XLF,5,JPM,Financials
XLY,3,JW/A,Consumer_Discretionary
XLY,3,JWN,Consumer_Discretionary
XLP,8,K,Consumer_Staples
XLI,4,KAMN,Industrials
XLY,3,KATE,Consumer_Discretionary
XLY,3,KBH,Consumer_Discretionary
XLI,4,KBR,Industrials
XLI,4,KELYA,Industrials
XLI,4,KEX,Industrials
XLF,5,KEY,Financials
XLI,4,KFY,Industrials
XLF,5,KIM,Financials
XLK,1,KLAC,Information_Technology
XLK,1,KLIC,Information_Technology
XLP,8,KMB,Consumer_Staples
XLE,7,KMI,Energy
XLF,5,KMPR,Financials
XLI,4,KMT,Industrials
XLY,3,KMX,Consumer_Discretionary
XLK,1,KN,Information_Technology
XLV,6,KND,Health_Care
XLI,4,KNX,Industrials
XLP,8,KO,Consumer_Staples
XLB,2,KOP,Materials
XLK,1,KOPN,Information_Technology
XLY,3,KORS,Consumer_Discretionary
XLP,8,KR,Consumer_Staples
XLB,2,KRA,Materials
XLF,5,KRC,Financials
XLP,8,KRFT,Consumer_Staples
XLF,5,KRG,Financials
XLB,2,KS,Materials
XLY,3,KSS,Consumer_Discretionary
XLI,4,KSU,Industrials
XLB,2,KWR,Materials
XLF,5,L,Financials
XLY,3,LAD,Consumer_Discretionary
XLY,3,LAMR,Consumer_Discretionary
XLP,8,LANC,Consumer_Staples
XLY,3,LB,Consumer_Discretionary
XLV,6,LCI,Health_Care
XLI,4,LDL,Industrials
XLK,1,LDOS,Information_Technology
XLV,6,LDR,Health_Care
XLI,4,LECO,Industrials
XLY,3,LEG,Consumer_Discretionary
XLY,3,LEN,Consumer_Discretionary
XLK,1,LFUS,Information_Technology
XLU,9,LG,Utilities
XLV,6,LGND,Health_Care
XLV,6,LH,Health_Care
XLV,6,LHCG,Health_Care
XLF,5,LHO,Financials
XLI,4,LII,Industrials
XLY,3,LKQ,Consumer_Discretionary
XLI,4,LLL,Industrials
XLK,1,LLTC,Information_Technology
XLV,6,LLY,Health_Care
XLF,5,LM,Financials
XLV,6,LMNX,Health_Care
XTL,10,LMOS,Telecommunications_Services
XLI,4,LMT,Industrials
XLF,5,LNC,Financials
XLP,8,LNCE,Consumer_Staples
XLI,4,LNN,Industrials
XLU,9,LNT,Utilities
XLP,8,LO,Consumer_Staples
XLK,1,LOGM,Information_Technology
XLY,3,LOW,Consumer_Discretionary
XLV,6,LPNT,Health_Care
XLK,1,LPSN,Information_Technology
XLF,5,LPT,Financials
XLB,2,LPX,Materials
XLK,1,LRCX,Information_Technology
XLI,4,LSTR,Industrials
XLF,5,LTC,Financials
XLY,3,LTM,Consumer_Discretionary
XLF,5,LUK,Financials
XLI,4,LUV,Industrials
XLK,1,LXK,Information_Technology
XLF,5,LXP,Financials
XLY,3,LXU,Consumer_Discretionary
XLB,2,LYB,Materials
XLY,3,LYV,Consumer_Discretionary
XLY,3,LZB,Consumer_Discretionary
XLY,3,M,Consumer_Discretionary
XLK,1,MA,Information_Technology
XLF,5,MAA,Financials
XLF,5,MAC,Financials
XLI,4,MAN,Industrials
XLK,1,MANH,Information_Technology
XLK,1,MANT,Information_Technology
XLY,3,MAR,Consumer_Discretionary
XLI,4,MAS,Industrials
XLV,6,MASI,Health_Care
XLY,3,MAT,Consumer_Discretionary
XLY,3,MATW,Consumer_Discretionary
XLF,5,MATX,Financials
XLF,5,MBFI,Financials
XLY,3,MCD,Consumer_Discretionary
XLE,7,MCF,Energy
XLK,1,MCHP,Information_Technology
XLV,6,MCK,Health_Care
XLF,5,MCO,Financials
XLY,3,MCRI,Consumer_Discretionary
XLK,1,MCRL,Information_Technology
XLK,1,MCRS,Information_Technology
XLY,3,MCS,Consumer_Discretionary
XLF,5,MCY,Financials
XLV,6,MD,Health_Care
XLY,3,MDC,Consumer_Discretionary
XLV,6,MDCO,Health_Care
XLP,8,MDLZ,Consumer_Staples
XLY,3,MDP,Consumer_Discretionary
XLV,6,MDSO,Health_Care
XLV,6,MDT,Health_Care
XLU,9,MDU,Utilities
XLK,1,MEAS,Information_Technology
XLK,1,MEI,Information_Technology
XLK,1,MENT,Information_Technology
XLF,5,MET,Financials
XLY,3,MGAM,Consumer_Discretionary
XLV,6,MGLN,Health_Care
XLY,3,MHFI,Consumer_Discretionary
XLY,3,MHK,Consumer_Discretionary
XLY,3,MHO,Consumer_Discretionary
XLF,5,MIG,Financials
XLI,4,MINI,Industrials
XLY,3,MJN,Consumer_Discretionary
XLP,8,MKC,Consumer_Staples
XLK,1,MKSI,Information_Technology
XLF,5,MKTX,Financials
XLI,4,MLHR,Industrials
XLI,4,MLI,Industrials
XLB,2,MLM,Materials
XLF,5,MMC,Financials
XLI,4,MMM,Industrials
XLK,1,MMS,Information_Technology
XLV,6,MMSI,Health_Care
XLV,6,MNK,Health_Care
XLY,3,MNRO,Consumer_Discretionary
XLP,8,MNST,Consumer_Staples
XLV,6,MNTA,Health_Care
XLP,8,MO,Consumer_Staples
XLI,4,MOG/A,Industrials
XLV,6,MOH,Health_Care
XLB,2,MON,Materials
XLB,2,MOS,Materials
XLY,3,MOV,Consumer_Discretionary
XLE,7,MPC,Energy
XLF,5,MPW,Financials
XLK,1,MRCY,Information_Technology
XLV,6,MRK,Health_Care
XLE,7,MRO,Energy
XLF,5,MS,Financials
XLI,4,MSA,Industrials
XLK,1,MSCC,Information_Technology
XLK,1,MSFT,Information_Technology
XLK,1,MSI,Information_Technology
XLI,4,MSM,Industrials
XLK,1,MSTR,Information_Technology
XLF,5,MTB,Financials
XLV,6,MTD,Health_Care
XLY,3,MTH,Consumer_Discretionary
XLB,2,MTRN,Materials
XLE,7,MTRX,Energy
XLK,1,MTSC,Information_Technology
XLB,2,MTX,Materials
XLK,1,MU,Information_Technology
XLE,7,MUR,Energy
XLY,3,MUSA,Consumer_Discretionary
XLY,3,MW,Consumer_Discretionary
XLV,6,MWIV,Health_Care
XLB,2,MWV,Materials
XLI,4,MWW,Industrials
XLB,2,MYE,Materials
XLV,6,MYL,Health_Care
XLK,1,NANO,Information_Technology
XLK,1,NATI,Information_Technology
XLF,5,NAVG,Financials
XLF,5,NAVI,Financials
XLE,7,NBL,Energy
XLE,7,NBR,Energy
XLF,5,NBTB,Financials
XLI,4,NCI,Industrials
XLK,1,NCR,Information_Technology
XLF,5,NDAQ,Financials
XLI,4,NDSN,Industrials
XLE,7,NE,Energy
XLU,9,NEE,Utilities
XLB,2,NEM,Materials
XLV,6,NEOG,Health_Care
XLB,2,NEU,Materials
XLK,1,NEWP,Information_Technology
XLU,9,NFG,Utilities
XLY,3,NFLX,Consumer_Discretionary
XLE,7,NFX,Energy
XLU,9,NI,Utilities
XLY,3,NILE,Consumer_Discretionary
XLU,9,NJR,Utilities
XLY,3,NKE,Consumer_Discretionary
XLI,4,NLSN,Industrials
XLF,5,NNN,Financials
XLI,4,NOC,Industrials
XLE,7,NOG,Energy
XLE,7,NOV,Energy
XLB,2,NP,Materials
XLF,5,NPBC,Financials
XLY,3,NPK,Consumer_Discretionary
XLI,4,NPO,Industrials
XLE,7,NR,Energy
XLU,9,NRG,Utilities
XLI,4,NSC,Industrials
XLK,1,NSIT,Information_Technology
XLI,4,NSP,Industrials
XLK,1,NSR,Information_Technology
XLK,1,NTAP,Information_Technology
XLK,1,NTCT,Information_Technology
XLK,1,NTGR,Information_Technology
XLK,1,NTLS,Information_Technology
XLY,3,NTRI,Consumer_Discretionary
XLF,5,NTRS,Financials
XLB,2,NUE,Materials
XLV,6,NUVA,Health_Care
XLK,1,NVDA,Information_Technology
XLY,3,NVR,Consumer_Discretionary
XLF,5,NWBI,Financials
XLU,9,NWE,Utilities
XLY,3,NWL,Consumer_Discretionary
XLU,9,NWN,Utilities
XLY,3,NWSA,Consumer_Discretionary
XLI,4,NX,Industrials
XLF,5,NYCB,Financials
XLY,3,NYT,Consumer_Discretionary
XLF,5,O,Financials
XLV,6,OCR,Health_Care
XLI,4,ODFL,Industrials
XLY,3,ODP,Consumer_Discretionary
XLF,5,OFC,Financials
XLU,9,OGE,Utilities
XLU,9,OGS,Utilities
XLF,5,OHI,Financials
XLB,2,OI,Materials
XLE,7,OII,Energy
XLE,7,OIS,Energy
XLU,9,OKE,Utilities
XLB,2,OLN,Materials
XLY,3,OMC,Consumer_Discretionary
XLV,6,OMCL,Health_Care
XLB,2,OMG,Materials
XLV,6,OMI,Health_Care
XLF,5,ONB,Financials
XLK,1,ONE,Information_Technology
XLK,1,OPEN,Information_Technology
XLI,4,ORB,Industrials
XLK,1,ORCL,Information_Technology
XLF,5,ORI,Financials
XLF,5,ORIT,Financials
XLY,3,ORLY,Consumer_Discretionary
XLK,1,OSIS,Information_Technology
XLI,4,OSK,Industrials
XLY,3,OUTR,Consumer_Discretionary
XLY,3,OXM,Consumer_Discretionary
XLE,7,OXY,Energy
XLF,5,OZRK,Financials
XLF,5,PACW,Financials
XLK,1,PAY,Information_Technology
XLK,1,PAYX,Information_Technology
XLF,5,PB,Financials
XLF,5,PBCT,Financials
XLP,8,PBH,Consumer_Staples
XLI,4,PBI,Industrials
XLY,3,PBY,Consumer_Discretionary
XLI,4,PCAR,Industrials
XLU,9,PCG,Utilities
XLF,5,PCH,Financials
XLF,5,PCL,Financials
XLY,3,PCLN,Consumer_Discretionary
XLI,4,PCP,Industrials
XLE,7,PDCE,Energy
XLV,6,PDCO,Health_Care
XLU,9,PEG,Utilities
XLF,5,PEI,Financials
XLP,8,PEP,Consumer_Staples
XLY,3,PERY,Consumer_Discretionary
XLE,7,PES,Energy
XLY,3,PETS,Consumer_Discretionary
XLV,6,PFE,Health_Care
XLF,5,PFG,Financials
XLF,5,PFS,Financials
XLP,8,PG,Consumer_Staples
XLF,5,PGR,Financials
XLI,4,PGTI,Industrials
XLI,4,PH,Industrials
XLY,3,PHM,Consumer_Discretionary
XLY,3,PII,Consumer_Discretionary
XLF,5,PJC,Financials
XLK,1,PKE,Information_Technology
XLB,2,PKG,Materials
XLV,6,PKI,Health_Care
XLK,1,PKT,Information_Technology
XLF,5,PKY,Financials
XLY,3,PLCE,Consumer_Discretionary
XLK,1,PLCM,Information_Technology
XLF,5,PLD,Financials
XLI,4,PLL,Industrials
XLK,1,PLT,Information_Technology
XLK,1,PLXS,Information_Technology
XLP,8,PM,Consumer_Staples
XLV,6,PMC,Health_Care
XLF,5,PNC,Financials
XLF,5,PNFP,Financials
XLY,3,PNK,Consumer_Discretionary
XLU,9,PNM,Utilities
XLI,4,PNR,Industrials
XLY,3,PNRA,Consumer_Discretionary
XLU,9,PNW,Utilities
XLU,9,PNY,Utilities
XLB,2,POL,Materials
XLU,9,POM,Utilities
XLY,3,POOL,Consumer_Discretionary
XLP,8,POST,Consumer_Staples
XLK,1,POWI,Information_Technology
XLI,4,POWL,Industrials
XLB,2,PPG,Materials
XLU,9,PPL,Utilities
XLF,5,PPS,Financials
XLE,7,PQ,Energy
XLF,5,PRA,Financials
XLF,5,PRAA,Financials
XLK,1,PRFT,Information_Technology
XLV,6,PRGO,Health_Care
XLK,1,PRGS,Information_Technology
XLF,5,PRI,Financials
XLF,5,PRU,Financials
XLV,6,PRXL,Health_Care
XLF,5,PSA,Financials
XLF,5,PSB,Financials
XLK,1,PSEM,Information_Technology
XLE,7,PSX,Energy
XLK,1,PTC,Information_Technology
XLE,7,PTEN,Energy
XLE,7,PVA,Energy
XLY,3,PVH,Consumer_Discretionary
XLF,5,PVTB,Financials
XLI,4,PWR,Industrials
XLB,2,PX,Materials
XLE,7,PXD,Energy
XLY,3,PZZA,Consumer_Discretionary
XLK,1,QCOM,Information_Technology
XLV,6,QCOR,Health_Care
XLK,1,QLGC,Information_Technology
XLK,1,QNST,Information_Technology
XLV,6,QSII,Health_Care
XLI,4,R,Industrials
XLP,8,RAI,Consumer_Staples
XLI,4,RBC,Industrials
XLK,1,RBCN,Information_Technology
XLY,3,RCII,Consumer_Discretionary
XLE,7,RDC,Energy
XLF,5,RE,Financials
XLI,4,RECN,Industrials
XLF,5,REG,Financials
XLV,6,REGN,Health_Care
XLF,5,RF,Financials
XLK,1,RFMD,Information_Technology
XLF,5,RGA,Financials
XLV,6,RGEN,Health_Care
XLB,2,RGLD,Materials
XLY,3,RGR,Consumer_Discretionary
XLY,3,RGS,Consumer_Discretionary
XLI,4,RHI,Industrials
XLK,1,RHT,Information_Technology
XLE,7,RIG,Energy
XLF,5,RJF,Financials
XLB,2,RKT,Materials
XLY,3,RL,Consumer_Discretionary
XLF,5,RLI,Financials
XLV,6,RMD,Health_Care
XLF,5,RNR,Financials
XLI,4,ROCK,Industrials
XLK,1,ROG,Information_Technology
XLF,5,ROIC,Financials
XLI,4,ROK,Industrials
XLI,4,ROL,Industrials
XLI,4,ROP,Industrials
XLE,7,ROSE,Energy
XLY,3,ROST,Consumer_Discretionary
XLK,1,ROVI,Information_Technology
XLB,2,RPM,Materials
XLE,7,RRC,Energy
XLI,4,RRD,Industrials
XLY,3,RRGB,Consumer_Discretionary
XLI,4,RRTS,Industrials
XLB,2,RS,Materials
XLI,4,RSG,Industrials
XLK,1,RSTI,Information_Technology
XLY,3,RT,Consumer_Discretionary
XLK,1,RTEC,Information_Technology
XLB,2,RTI,Materials
XLI,4,RTN,Industrials
XLY,3,RUTH,Consumer_Discretionary
XLK,1,RVBD,Information_Technology
XLY,3,RYL,Consumer_Discretionary
XLF,5,RYN,Financials
XLP,8,SAFM,Consumer_Staples
XLF,5,SAFT,Financials
XLY,3,SAH,Consumer_Discretionary
XLI,4,SAIA,Industrials
XLY,3,SAIC,Consumer_Discretionary
XLP,8,SAM,Consumer_Staples
XLK,1,SANM,Information_Technology
XLF,5,SBNY,Financials
XLF,5,SBRA,Financials
XLY,3,SBUX,Consumer_Discretionary
XLU,9,SCG,Utilities
XLY,3,SCHL,Consumer_Discretionary
XLF,5,SCHW,Financials
XLY,3,SCI,Consumer_Discretionary
XLB,2,SCL,Materials
XLK,1,SCOR,Information_Technology
XLK,1,SCSC,Information_Technology
XLY,3,SCSS,Consumer_Discretionary
XLE,7,SE,Energy
XLB,2,SEE,Materials
XLF,5,SEIC,Financials
XLP,8,SENEA,Consumer_Staples
XLF,5,SF,Financials
XLF,5,SFG,Financials
XLF,5,SFNC,Financials
XLE,7,SFY,Energy
XLY,3,SGMS,Consumer_Discretionary
XLE,7,SGY,Energy
XLB,2,SHLM,Materials
XLY,3,SHW,Consumer_Discretionary
XLB,2,SIAL,Materials
XLY,3,SIG,Consumer_Discretionary
XLF,5,SIGI,Financials
XLV,6,SIRO,Health_Care
XLF,5,SIVB,Financials
XLU,9,SJI,Utilities
XLP,8,SJM,Consumer_Staples
XLF,5,SKT,Financials
XLY,3,SKX,Consumer_Discretionary
XLI,4,SKYW,Industrials
XLK,1,SLAB,Information_Technology
XLE,7,SLB,Energy
XLB,2,SLCA,Materials
XLF,5,SLG,Financials
XLY,3,SLGN,Consumer_Discretionary
XLK,1,SLH,Information_Technology
XLF,5,SLM,Financials
XLE,7,SM,Energy
XLV,6,SMA,Health_Care
XLK,1,SMCI,Information_Technology
XLB,2,SMG,Materials
XLY,3,SMP,Consumer_Discretionary
XLY,3,SMRT,Consumer_Discretionary
XLK,1,SMTC,Information_Technology
XLI,4,SNA,Industrials
XLK,1,SNCR,Information_Technology
XLK,1,SNDK,Information_Technology
XLF,5,SNH,Financials
XLY,3,SNI,Consumer_Discretionary
XLK,1,SNPS,Information_Technology
XLF,5,SNV,Financials
XLK,1,SNX,Information_Technology
XLU,9,SO,Utilities
XLB,2,SON,Materials
XLY,3,SONC,Consumer_Discretionary
XLY,3,SPAR,Consumer_Discretionary
XLY,3,SPF,Consumer_Discretionary
XLF,5,SPG,Financials
XLY,3,SPLS,Consumer_Discretionary
XLE,7,SPN,Energy
XLV,6,SPPI,Health_Care
XLP,8,SPTN,Consumer_Staples
XLI,4,SPW,Industrials
XLI,4,SRCL,Industrials
XLV,6,SRDX,Health_Care
XLU,9,SRE,Utilities
XLI,4,SSD,Industrials
XLY,3,SSI,Consumer_Discretionary
XLY,3,SSP,Consumer_Discretionary
XLF,5,SSS,Financials
XLF,5,STBA,Financials
XLF,5,STC,Financials
XLV,6,STE,Health_Care
XLF,5,STI,Financials
XLV,6,STJ,Health_Care
XLF,5,STL,Financials
XLB,2,STLD,Materials
XLY,3,STMP,Consumer_Discretionary
XLU,9,STR,Utilities
XLY,3,STRA,Consumer_Discretionary
XLF,5,STT,Financials
XLK,1,STX,Information_Technology
XLP,8,STZ,Consumer_Staples
XLK,1,SUNE,Information_Technology
XLY,3,SUP,Consumer_Discretionary
XLF,5,SUSQ,Financials
XLP,8,SVU,Consumer_Staples
XLB,2,SWC,Materials
XLK,1,SWI,Information_Technology
XLI,4,SWK,Industrials
XLK,1,SWKS,Information_Technology
XLB,2,SWM,Materials
XLE,7,SWN,Energy
XLF,5,SWS,Financials
XLU,9,SWX,Utilities
XLB,2,SXC,Materials
XLI,4,SXI,Industrials
XLB,2,SXT,Materials
XLV,6,SYK,Health_Care
XLI,4,SYKE,Industrials
XLK,1,SYMC,Information_Technology
XLK,1,SYNA,Information_Technology
XLP,8,SYY,Consumer_Staples
XTL,10,T,Telecommunications_Services
XLP,8,TAP,Consumer_Staples
XLI,4,TASR,Industrials
XLF,5,TAYC,Financials
XLI,4,TBI,Industrials
XLF,5,TCB,Financials
XLF,5,TCBI,Financials
XLF,5,TCO,Financials
XLK,1,TDC,Information_Technology
XTL,10,TDS,Telecommunications_Services
XLE,7,TDW,Energy
XLI,4,TDY,Industrials
XLU,9,TE,Utilities
XLK,1,TECD,Information_Technology
XLV,6,TECH,Health_Care
XLU,9,TEG,Utilities
XLK,1,TEL,Information_Technology
XLK,1,TER,Information_Technology
XLE,7,TESO,Energy
XLI,4,TEX,Industrials
XLV,6,TFX,Health_Care
XLI,4,TG,Industrials
XLI,4,TGI,Industrials
XLY,3,TGT,Consumer_Discretionary
XLV,6,THC,Health_Care
XLF,5,THG,Financials
XLY,3,THO,Consumer_Discretionary
XLV,6,THOR,Health_Care
XLP,8,THS,Consumer_Staples
XLK,1,TIBX,Information_Technology
XLY,3,TIF,Consumer_Discretionary
XLI,4,TILE,Industrials
XLY,3,TIME,Consumer_Discretionary
XLY,3,TJX,Consumer_Discretionary
XLI,4,TKR,Industrials
XLF,5,TMK,Financials
XLV,6,TMO,Health_Care
XLF,5,TMP,Financials
XLI,4,TNC,Industrials
XLK,1,TNGO,Information_Technology
XLY,3,TOL,Consumer_Discretionary
XLY,3,TPX,Consumer_Discretionary
XLK,1,TQNT,Information_Technology
XLP,8,TR,Consumer_Staples
XLK,1,TRAK,Information_Technology
XLY,3,TRIP,Consumer_Discretionary
XLK,1,TRMB,Information_Technology
XLF,5,TRMK,Financials
XLI,4,TRN,Industrials
XLF,5,TROW,Financials
XLF,5,TRST,Financials
XLF,5,TRV,Financials
XLY,3,TSCO,Consumer_Discretionary
XLP,8,TSN,Consumer_Staples
XLE,7,TSO,Energy
XLK,1,TSRA,Information_Technology
XLK,1,TSS,Information_Technology
XLI,4,TTC,Industrials
XLK,1,TTEC,Information_Technology
XLI,4,TTEK,Industrials
XLE,7,TTI,Energy
XLK,1,TTMI,Information_Technology
XLK,1,TTWO,Information_Technology
XLY,3,TUES,Consumer_Discretionary
XLY,3,TUP,Consumer_Discretionary
XLY,3,TWC,Consumer_Discretionary
XLI,4,TWI,Industrials
XLK,1,TWTC,Information_Technology
XLY,3,TWX,Consumer_Discretionary
XLB,2,TXI,Materials
XLK,1,TXN,Information_Technology
XLY,3,TXRH,Consumer_Discretionary
XLI,4,TXT,Industrials
XLK,1,TYL,Information_Technology
XLK,1,TYPE,Information_Technology
XLY,3,UA,Consumer_Discretionary
XLF,5,UBA,Financials
XLF,5,UBSI,Financials
XLF,5,UCBI,Financials
XLF,5,UDR,Financials
XLY,3,UEIC,Consumer_Discretionary
XLF,5,UFCS,Financials
XLI,4,UFPI,Industrials
XLB,2,UFS,Materials
XLU,9,UGI,Utilities
XLV,6,UHS,Health_Care
XLU,9,UIL,Utilities
XLF,5,UMBF,Financials
XLF,5,UMPQ,Financials
XLY,3,UNF,Consumer_Discretionary
XLP,8,UNFI,Consumer_Staples
XLV,6,UNH,Health_Care
XLF,5,UNM,Financials
XLI,4,UNP,Industrials
XLU,9,UNS,Utilities
XLE,7,UNT,Energy
XLI,4,UPS,Industrials
XLY,3,URBN,Consumer_Discretionary
XLI,4,URI,Industrials
XLI,4,URS,Industrials
XLF,5,USB,Financials
XLI,4,USTR,Industrials
XLK,1,UTEK,Information_Technology
XLV,6,UTHR,Health_Care
XLY,3,UTI,Consumer_Discretionary
XLI,4,UTIW,Industrials
XLI,4,UTX,Industrials
XLF,5,UVE,Financials
XLP,8,UVV,Consumer_Staples
XLY,3,VAC,Consumer_Discretionary
XLB,2,VAL,Materials
XLV,6,VAR,Health_Care
XLK,1,VDSI,Information_Technology
XLK,1,VECO,Information_Technology
XLY,3,VFC,Consumer_Discretionary
XLY,3,VIAB,Consumer_Discretionary
XLI,4,VICR,Industrials
XLV,6,VIVO,Health_Care
XLE,7,VLO,Energy
XLF,5,VLY,Financials
XLB,2,VMC,Materials
XLI,4,VMI,Industrials
XLF,5,VNO,Financials
XLY,3,VOXX,Consumer_Discretionary
XLK,1,VRSN,Information_Technology
XLF,5,VRTS,Financials
XLK,1,VRTU,Information_Technology
XLV,6,VRTX,Health_Care
XLK,1,VSAT,Information_Technology
XLK,1,VSH,Information_Technology
XLY,3,VSI,Consumer_Discretionary
XLF,5,VTR,Financials
XLU,9,VVC,Utilities
XLI,4,VVI,Industrials
XTL,10,VZ,Telecommunications_Services
XLI,4,WAB,Industrials
XLF,5,WABC,Financials
XLF,5,WAFD,Financials
XLI,4,WAGE,Industrials
XLV,6,WAT,Health_Care
XLF,5,WBS,Financials
XLV,6,WCG,Health_Care
XLI,4,WCN,Industrials
XLK,1,WDC,Information_Technology
XLP,8,WDFC,Consumer_Staples
XLF,5,WDR,Financials
XLU,9,WEC,Utilities
XLY,3,WEN,Consumer_Discretionary
XLI,4,WERN,Industrials
XLK,1,WEX,Information_Technology
XLF,5,WFC,Financials
XLP,8,WFM,Consumer_Staples
XLU,9,WGL,Utilities
XLY,3,WGO,Consumer_Discretionary
XLY,3,WHR,Consumer_Discretionary
XLF,5,WIBC,Financials
XTL,10,WIN,Telecommunications_Services
XLI,4,WIRE,Industrials
XLI,4,WM,Industrials
XLE,7,WMB,Energy
XLP,8,WMT,Consumer_Staples
XLV,6,WOOF,Health_Care
XLB,2,WOR,Materials
XLF,5,WPG,Financials
XLB,2,WPP,Materials
XLE,7,WPX,Energy
XLU,9,WR,Utilities
XLF,5,WRB,Financials
XLF,5,WRI,Financials
XLF,5,WRLD,Financials
XLY,3,WSM,Consumer_Discretionary
XLI,4,WSO,Industrials
XLV,6,WST,Health_Care
XLF,5,WTFC,Financials
XLU,9,WTR,Utilities
XLI,4,WTS,Industrials
XLK,1,WU,Information_Technology
XLP,8,WWAV,Consumer_Staples
XLI,4,WWD,Industrials
XLY,3,WWW,Consumer_Discretionary
XLB,2,WY,Materials
XLY,3,WYN,Consumer_Discretionary
XLY,3,WYNN,Consumer_Discretionary
XLB,2,X,Materials
XLE,7,XEC,Energy
XLU,9,XEL,Utilities
XLF,5,XL,Financials
XLK,1,XLNX,Information_Technology
XLI,4,XLS,Industrials
XLE,7,XOM,Energy
XLK,1,XOXO,Information_Technology
XLV,6,XRAY,Health_Care
XLK,1,XRX,Information_Technology
XLK,1,XXIA,Information_Technology
XLI,4,XYL,Industrials
XLF,5,Y,Financials
XLK,1,YHOO,Information_Technology
XLY,3,YUM,Consumer_Discretionary
XLK,1,ZBRA,Information_Technology
XLB,2,ZEP,Materials
XLB,2,ZEUS,Materials
XLF,5,ZION,Financials
XLV,6,ZMH,Health_Care
XLY,3,ZQK,Consumer_Discretionary
XLV,6,ZTS,Health_Care
XLY,3,ZUMZ,Consumer_Discretionary
